code,AvgSpike,ObsYear,DeerYear,MumCode,ReprodStatus
ADZ79,0,1980,1979,MOY74,Milk
ALB95,7.5,1996,1995,FUL87,Milk
ALD93,1,1994,1993,SUR87,Milk
ALD96,8,1997,1996,SUR87,Milk
ANK87,1.75,1988,1987,KIL82,Milk
APN87,0,1988,1987,ASP78,Milk
APR79,0,1980,1979,APRIC,Milk
AQU83,1.5,1984,1983,COB80,Milk
AQU89,1.75,1990,1989,COB80,Milk
ARI91,1.25,1992,1991,ATH87,Milk
ARI93,1,1994,1993,ATH87,Milk
ASH76,1,1977,1976,ROW74,Milk
ASP77,0,1978,1977,TOR72,Milk
ASP83,0,1984,1983,TOR72,Milk
AST95,2,1996,1995,GAL85,Milk
ATH85,0,1986,1985,THO81,Milk
ATH91,3,1992,1991,THO81,Milk
AVO83,5,1984,1983,UPT78,Milk
AVO84,2,1985,1984,UPT78,Milk
AVO85,0,1986,1985,UPT78,Milk
AVO87,0.75,1988,1987,UPT78,Milk
BAR75,2,1976,1975,UPR71,Milk
BAR76,2,1977,1976,UPR71,Milk
BAR77,3,1978,1977,UPR71,Milk
BAR82,1,1983,1982,UPR71,Milk
BET71,6,1972,1971,BLT68,Milk
BET75,4.25,1976,1975,BLT68,Milk
BET76,1.5,1977,1976,BLT68,Milk
BET78,1,1979,1978,BLT68,Milk
BIG74,0,1975,1974,BIGHE,Milk
BIS84,3.125,1985,1984,CIN76,Milk
BLO70,1.5,1971,1970,BLOSS,Summer yeld
BLO77,3.5,1978,1977,BLOSS,Milk
BLO78,1.5,1979,1978,BLOSS,Milk
BLT71,7,1972,1971,BLTLE,Milk
BLT72,2.5,1973,1972,BLTLE,Milk
BLT76,2,1977,1976,BLTLE,Milk
BNX96,0,1997,1996,FUL89,Milk
BRA74,0,1975,1974,ELG68,Milk
BRA76,0,1977,1976,ELG68,Milk
BRC76,1,1977,1976,BRA72,Milk
BRC78,0,1979,1978,BRA72,Milk
BRC82,0,1983,1982,BRA72,Milk
BRF74,2,1975,1974,FEE71,Milk
BRF76,0.5,1977,1976,FEE71,Milk
BRF77,0.625,1978,1977,FEE71,Milk
BRG90,4,1991,1990,MUR85,Milk
BRG92,0,1993,1992,MUR85,Milk
BRG95,0,1996,1995,MUR85,Milk
BRG96,0,1997,1996,MUR85,Milk
BRI85,0,1986,1985,BRA81,Milk
BRO71,0,1972,1971,BROWH,Milk
BST74,0.5,1975,1974,MHO67,Milk
BST75,0,1976,1975,MHO67,Milk
BUC87,0,1988,1987,BUL73,Milk
BUL72,4,1973,1972,BULGY,Milk
CAI70,7.5,1971,1970,CAILL,Milk
CAI71,5,1972,1971,CAILL,Milk
CAI72,6,1973,1972,CAILL,Milk
CAI74,0.25,1975,1974,CAILL,Milk
CAN85,2.5,1986,1985,WHI73,Milk
CAR84,2,1985,1984,COC75,Milk
CCO91,1,1992,1991,LAM83,Milk
CCO95,2.5,1996,1995,LAM83,Milk
CFU84,5,1985,1984,CMO77,Milk
CFU85,0,1986,1985,CMO77,Milk
CFU87,1.5,1988,1987,CMO77,Milk
CHE72,1,1973,1972,BLT69,Milk
CHE75,1,1976,1975,BLT69,Milk
CHE76,1,1977,1976,BLT69,Milk
CHE77,0,1978,1977,BLT69,Milk
CHE82,0.5,1983,1982,BLT69,Milk
CHI92,2,1993,1992,PGB83,Milk
CHL96,0.5,1997,1996,PEP91,Milk
CHO70,6,1971,1970,CHOCH,Summer yeld
CHO72,7,1973,1972,CHOCH,Milk
CHO76,0,1977,1976,CHOCH,Milk
CHO77,0,1978,1977,CHOCH,Milk
CHU95,2,1996,1995,PIC91,Milk
CIN80,0.5,1981,1980,BST73,Milk
CLC77,1,1978,1977,COL72,Milk
CLC83,3,1984,1983,COL72,Milk
CLE72,0.75,1973,1972,CLEOP,Milk
CLE73,4,1974,1973,CLEOP,Milk
CLM79,0,1980,1979,CLE74,Milk
CLM84,0.5,1985,1984,CLE74,Milk
CLO95,2.5,1996,1995,HIC89,Milk
CLT95,1,1996,1995,CCO87,Milk
CLT96,1,1997,1996,CCO87,Milk
COB77,3,1978,1977,COL74,Milk
COB79,1,1980,1979,COL74,Milk
COB86,1.5,1987,1986,COL74,Milk
COC74,1.875,1975,1974,COCKL,Milk
COC77,7.5,1978,1977,COCKL,Milk
COC83,0,1984,1983,COCKL,Milk
COL73,0,1974,1973,COLLE,Milk
COL76,0,1977,1976,COLLE,Milk
COP83,0,1984,1983,COI77,Milk
COW80,5.75,1981,1980,PGB75,Milk
COY71,4.5,1972,1971,COYHI,Milk
COY72,0.5,1973,1972,COYHI,Milk
COY73,0,1974,1973,COYHI,Milk
COY76,0,1977,1976,COYHI,Milk
CRA84,1,1985,1984,BIG76,Milk
CRB90,1,1991,1990,MOC84,Milk
CRE80,2,1981,1980,CLE76,Milk
CRT72,5.5,1973,1972,CROTT,Milk
CRT77,0,1978,1977,CROTT,Milk
CRY90,6.5,1991,1990,CLC79,Milk
CSK93,1,1994,1993,ANK89,Milk
CSK95,4,1996,1995,ANK89,Milk
CSK96,1,1997,1996,ANK89,Milk
CUC87,3,1988,1987,UMB80,Milk
CUM95,2,1996,1995,CRC91,Milk
CUR81,5,1982,1981,UPT74,Milk
DAN89,0,1990,1989,BUC82,Milk
DIA96,4,1997,1996,APH93,Milk
DIC90,2,1991,1990,HIC84,Milk
DIT91,0,1992,1991,PIB83,Milk
DOC93,3.375,1994,1993,HIC88,Milk
DOC95,0,1996,1995,HIC88,Milk
DOR75,1,1976,1975,YTA72,Milk
DOR77,1,1978,1977,YTA72,Milk
DOR80,3.5,1981,1980,YTA72,Milk
DOR83,1,1984,1983,YTA72,Milk
DUI87,1.5,1988,1987,DOR82,Milk
DUN89,3.75,1990,1989,WHA83,Milk
EGR93,1,1994,1993,IBI84,Milk
EGR95,0,1996,1995,IBI84,Milk
FAN85,0,1986,1985,COL80,Milk
FEA92,1,1993,1992,PLO82,Milk
FEA93,0.5,1994,1993,PLO82,Milk
FEE70,1.5,1971,1970,FEEDE,Milk
FEE72,2.5,1973,1972,FEEDE,Milk
FEE73,0,1974,1973,FEEDE,Milk
FEN86,6,1987,1986,RED82,Milk
FEN91,5,1992,1991,RED82,Milk
FID84,5,1985,1984,VER78,Milk
FIL86,2.5,1987,1986,EIF81,Milk
FIL88,5,1989,1988,EIF81,Milk
FIN94,1,1995,1994,FEN89,Milk
FIN95,3,1996,1995,FEN89,Milk
FIN96,2,1997,1996,FEN89,Milk
FIR75,0,1976,1975,BUL70,Milk
FIR77,0,1978,1977,BUL70,Milk
FLA88,5,1989,1988,UPT79,Milk
FLY86,1,1987,1986,LTF74,Milk
FOL75,1,1976,1975,MOD72,Milk
FOL77,0,1978,1977,MOD72,Milk
FOL81,2.5,1982,1981,MOD72,Milk
FOL84,4.25,1985,1984,MOD72,Milk
FRA94,2,1995,1994,PEN90,Milk
FRA95,0.0625,1996,1995,PEN90,Milk
FRA96,2,1997,1996,PEN90,Milk
FRE85,0.5,1986,1985,THO78,Milk
FRE87,1,1988,1987,THO78,Milk
FRE90,9,1991,1990,THO78,Milk
FRO95,0,1996,1995,BIL84,Milk
FUL90,0.5,1991,1990,MAW79,Milk
GAL87,1.75,1988,1987,POL77,Milk
GIN89,1,1990,1989,JUN85,Milk
GIN95,1,1996,1995,JUN85,Milk
GIN96,1,1997,1996,JUN85,Milk
GL373,0.5,1974,1973,GLA69,Milk
GL376,1,1977,1976,GLA69,Milk
GL377,0,1978,1977,GLA69,Milk
GL378,9,1979,1978,GLA69,Milk
GLA70,5,1971,1970,GLASS,Summer yeld
GLA72,0.5,1973,1972,GLASS,Milk
GOD95,1,1996,1995,AVO90,Milk
GOD96,1,1997,1996,AVO90,Milk
GRC79,8,1980,1979,GRE72,Milk
GRC84,2,1985,1984,GRE72,Milk
GRE74,0,1975,1974,GREET,Milk
HAL88,0,1989,1988,TUR83,Milk
HAL96,0.25,1997,1996,TUR83,Milk
HAW94,0,1995,1994,SUR91,Milk
HAW96,6,1997,1996,SUR91,Milk
HER94,0,1995,1994,MAC87,Milk
HES79,2,1980,1979,CLC75,Milk
HOL95,2,1996,1995,ILE86,Milk
HRM93,1.5,1994,1993,INI86,Milk
ILE90,3,1991,1990,CHE80,Milk
INI85,0,1986,1985,VER79,Milk
IVO96,1,1997,1996,EBO90,Milk
IVY96,1.5,1997,1996,ILE87,Milk
JAN78,0.625,1979,1978,PJANE,Milk
JEE95,0,1996,1995,HAL90,Milk
JEE96,1,1997,1996,HAL90,Milk
JOS79,0,1980,1979,ELG71,Milk
JUG85,1.5,1986,1985,BRF79,Milk
JUN77,2.25,1978,1977,BET73,Milk
JUN78,1.5,1979,1978,BET73,Milk
CHP90,0,1991,1990,BLC83,Milk
KIL76,0,1977,1976,BUL71,Milk
KIL77,0,1978,1977,BUL71,Milk
KIL79,0,1980,1979,BUL71,Milk
KIN81,0,1982,1981,ROW73,Milk
KIT96,0,1997,1996,TER85,Milk
KIW79,0,1980,1979,BLO75,Milk
KIW85,0,1986,1985,BLO75,Milk
KIW87,2.75,1988,1987,BLO75,Milk
KIW89,3.75,1990,1989,BLO75,Milk
LAM84,2,1985,1984,CMO78,Milk
LAM86,1,1987,1986,CMO78,Milk
LEN83,1,1984,1983,MOY73,Milk
LIB82,4,1983,1982,LIBRA,Milk
LIB83,0,1984,1983,LIBRA,Milk
LIC74,0,1975,1974,CRT71,Milk
LIC76,0,1977,1976,CRT71,Milk
LIM77,0,1978,1977,POL73,Milk
LIT72,5,1973,1972,LITLH,Milk
LIT73,0,1974,1973,LITLH,Milk
LIT74,0,1975,1974,LITLH,Milk
LIT76,0.5,1977,1976,LITLH,Milk
LIT79,3,1980,1979,LITLH,Milk
LIZ89,8.5,1990,1989,LTF77,Milk
LPW95,0,1996,1995,FEA87,Milk
LTF70,0.375,1971,1970,LTFLH,Milk
LTF72,3,1973,1972,LTFLH,Milk
LTF75,0.5,1976,1975,LTFLH,Milk
LUZ82,0.5,1983,1982,DOR78,Milk
LUZ87,9.5,1988,1987,DOR78,Milk
MAC78,1,1979,1978,YHO74,Milk
MAC81,1,1982,1981,YHO74,Milk
MAD83,2,1984,1983,BOT79,Milk
MAD85,0,1986,1985,BOT79,Milk
MAG72,0.375,1973,1972,MOM67,Milk
MAL95,0,1996,1995,SME84,Milk
MAS90,1.5,1991,1990,TUR85,Milk
MAS95,2,1996,1995,TUR85,Milk
MEL79,1,1980,1979,YHO71,Milk
MEL83,1,1984,1983,YHO71,Milk
MEL84,0.75,1985,1984,YHO71,Milk
MEL86,6.5,1987,1986,YHO71,Milk
MHO70,10,1971,1970,MHOLE,Milk
MHO71,10,1972,1971,MHOLE,Milk
MIS77,0,1978,1977,THI73,Milk
MLR95,2,1996,1995,JUG87,Milk
MOL73,2.75,1974,1973,MOLIN,Milk
MOL77,0.5,1978,1977,MOM65,Milk
MOL79,0,1980,1979,MOM65,Milk
MOM69,0,1970,1969,MOMHI,Milk
MOM74,0,1975,1974,MOMHI,Milk
MOO86,8,1987,1986,MOY82,Milk
MOO91,2.25,1992,1991,MOY82,Milk
MOS80,0.75,1981,1980,CRT74,Milk
MOY79,2,1980,1979,UPR68,Milk
MUD95,0,1996,1995,BRE91,Milk
MUD96,0,1997,1996,BRE91,Milk
MUR87,1,1988,1987,COL79,Milk
MUS79,1,1980,1979,RED74,Milk
MUS83,1,1984,1983,RED74,Milk
MUS87,7,1988,1987,RED74,Milk
MUS89,6.5,1990,1989,RED74,Milk
MYT78,0,1979,1978,COC72,Milk
NAI95,2,1996,1995,NAK89,Milk
NIC83,0.25,1984,1983,COT79,Milk
NON84,1,1985,1984,NOB76,Milk
NUC79,2,1980,1979,SCO74,Milk
NUC83,2,1984,1983,SCO74,Milk
OAT89,1.5,1990,1989,BAR83,Milk
OCC90,10,1991,1990,CLC80,Milk
OCH83,1.75,1984,1983,SAF80,Milk
OCH92,3,1993,1992,SAF80,Milk
OST81,0,1982,1981,COC76,Milk
OST83,3,1984,1983,COC76,Milk
OTA70,6.75,1971,1970,OTAGG,Milk
OTA74,2,1975,1974,OTAGG,Milk
OTA75,1.5,1976,1975,OTAGG,Milk
OTA76,2,1977,1976,OTAGG,Milk
OTA77,0.25,1978,1977,OTAGG,Milk
OTA81,0,1982,1981,OTAGG,Milk
OTC75,4,1976,1975,OTA72,Milk
OXA96,0,1997,1996,SRL91,Milk
OXL84,1,1985,1984,PRI79,Milk
PAP90,7,1991,1990,CAL82,Milk
PAR83,0,1984,1983,COW79,Milk
PEB78,4.5,1979,1978,PEBBL,Milk
PEC85,0,1986,1985,SCO76,Milk
PEC89,1,1990,1989,SCO76,Milk
PEC90,1,1991,1990,SCO76,Milk
PEL89,1,1990,1989,MOS83,Milk
PEN86,1.75,1987,1986,BAR80,Milk
PEP85,0.5,1986,1985,MUS81,Milk
PEP86,0.625,1987,1986,MUS81,Milk
PEP95,0,1996,1995,MUS81,Milk
PER79,0,1980,1979,LIT75,Milk
PGB72,1,1973,1972,SOB68,Milk
PGB73,0.5,1974,1973,SOB68,Milk
PGB78,1,1979,1978,SOB68,Milk
PGB81,1,1982,1981,SOB68,Milk
PHL94,6,1995,1994,PID89,Milk
PIC90,2,1991,1990,MUS85,Milk
PIC93,1,1994,1993,MUS85,Milk
PIC94,6,1995,1994,MUS85,Milk
PIC96,2,1997,1996,MUS85,Milk
PID94,4,1995,1994,LIM85,Milk
PIN74,5,1975,1974,TAL70,Milk
PIN78,4.25,1979,1978,TAL70,Milk
PLO79,0.5,1980,1979,TRN74,Milk
PLO84,2.5,1985,1984,TRN74,Milk
PLU85,0,1986,1985,DAM78,Milk
PPK96,5,1997,1996,PEP90,Milk
PRI80,1.5,1981,1980,PGB74,Milk
PRI82,4,1983,1982,PGB74,Milk
PRI85,2,1986,1985,PGB74,Milk
PRI86,0,1987,1986,PGB74,Milk
PRI87,1,1988,1987,PGB74,Milk
PRS93,2,1994,1993,ATH89,Milk
PRS95,6,1996,1995,ATH89,Milk
PRY77,1,1978,1977,WIN71,Milk
PRY79,0,1980,1979,WIN71,Milk
PRY80,0,1981,1980,WIN71,Winter yeld
PTL93,0,1994,1993,MNX89,Milk
PTL95,0,1996,1995,MNX89,Milk
QUN94,0,1995,1994,CAF89,Milk
RED72,11,1973,1972,REDYE,Milk
RED73,6,1974,1973,REDYE,Milk
RED75,3.5,1976,1975,REDYE,Milk
RED77,8,1978,1977,REDYE,Milk
RED79,2,1980,1979,REDYE,Milk
RED81,1.25,1982,1981,REDYE,Milk
RED84,0,1985,1984,REDYE,Milk
RGR69,0,1970,1969,RGRHI,Milk
RGR70,10,1971,1970,RGRHI,Milk
RGR72,10.375,1973,1972,RGRHI,Milk
RGR73,2.25,1974,1973,RGRHI,Milk
RHY82,1.5,1983,1982,MOS78,Milk
RHY84,0.75,1985,1984,MOS78,Milk
RHY90,1,1991,1990,MOS78,Milk
ROS84,3,1985,1984,PNK78,Milk
ROS85,2,1986,1985,PNK78,Winter yeld
RTH70,7.5,1971,1970,RTHOL,Summer yeld
RTN70,3,1971,1970,RTNIC,Milk
RTN76,0.5,1977,1976,RTNIC,Milk
SAF82,1,1983,1982,CRT76,Milk
SAF85,2.25,1986,1985,CRT76,Milk
SAL95,5,1996,1995,SIE84,Milk
SAT87,2,1988,1987,CLM82,Milk
SAU94,1,1995,1994,OCC89,Milk
SCA95,0,1996,1995,LOB86,Milk
SCO71,5,1972,1971,SCOLL,Milk
SCO72,5,1973,1972,SCOLL,Milk
SCO75,1,1976,1975,SCOLL,Milk
SCO77,0,1978,1977,SCOLL,Milk
SCO81,1,1982,1981,SCOLL,Milk
SEE95,4,1996,1995,SES89,Milk
SEM90,2.75,1991,1990,WHE84,Milk
SEM94,0.75,1995,1994,WHE84,Milk
SEP77,2.5,1978,1977,CHO73,Milk
SEP78,1.5,1979,1978,CHO73,Milk
SEP83,2,1984,1983,CHO73,Milk
SIC75,1,1976,1975,SICKT,Milk
SIE73,0,1974,1973,LIT70,Milk
SIE75,0,1976,1975,LIT70,Milk
SIE77,0.25,1978,1977,LIT70,Milk
SIE80,0.5,1981,1980,MEL75,Milk
SKA85,0,1986,1985,LIB78,Milk
SKA87,9,1988,1987,LIB78,Milk
SKA90,4,1991,1990,LIB78,Milk
SKU95,0,1996,1995,FUL86,Milk
SLT86,1,1987,1986,ALM80,Milk
SMI85,2,1986,1985,SMILE,Milk
SNI79,0.75,1980,1979,GRE73,Milk
SOB70,4,1971,1970,SOBHR,Milk
SOB73,1.875,1974,1973,SOBHR,Milk
SOL89,8,1990,1989,THO84,Milk
SOL93,1,1994,1993,THO84,Milk
SOL94,2,1995,1994,THO84,Milk
SOL96,6,1997,1996,THO84,Milk
SOO72,6,1973,1972,SOOTY,Milk
SOR84,0.5,1985,1984,ROW77,Milk
SPE83,0,1984,1983,SPEED,Milk
SPE86,1,1987,1986,SPEED,Milk
SPR72,1,1973,1972,SPREA,Milk
STI95,5.5,1996,1995,AVO89,Milk
SUN96,1.5,1997,1996,RHY86,Milk
SUR86,2.5,1987,1986,THO82,Milk
SUR94,6,1995,1994,THO82,Milk
SYC94,1,1995,1994,PET87,Milk
SYC96,8,1997,1996,PET87,Milk
TAL72,3,1973,1972,BRO66,Milk
TAL75,2.5,1976,1975,BRO66,Milk
TAL77,0,1978,1977,BRO66,Milk
TAM94,1,1995,1994,RHY88,Milk
TEA80,0,1981,1980,TAL71,Milk
TER75,1,1976,1975,TRN72,Milk
THI70,0,1971,1970,ELG66,Summer yeld
THO77,1,1978,1977,YTA74,Milk
THO83,0.5,1984,1983,YTA74,Milk
THR82,6,1983,1982,PGB76,Milk
THS95,10,1996,1995,PAP87,Milk
TIB86,1,1987,1986,BON82,Milk
TIG86,2.25,1987,1986,OTA80,Milk
TIG89,6.25,1990,1989,OTA80,Milk
TIG93,3,1994,1993,OTA80,Milk
TIT79,0.75,1980,1979,CLE75,Milk
TIT82,1,1983,1982,CLE75,Milk
TKN95,1.5,1996,1995,NAK90,Milk
TNG94,8,1995,1994,FAN88,Milk
TNG95,1,1996,1995,FAN88,Milk
TNG96,7,1997,1996,FAN88,Milk
TNY93,0.5,1994,1993,TIT84,Milk
TNY94,1.5,1995,1994,TIT84,Milk
TNY96,3.5,1997,1996,TIT84,Milk
TOR74,1,1975,1974,TRN69,Milk
TOR76,0,1977,1976,TRN69,Milk
TOR77,0.625,1978,1977,TRN69,Milk
TOS93,2.75,1994,1993,OPE87,Milk
TOU87,1.5,1988,1987,CAN82,Milk
TRA83,0,1984,1983,GRC76,Milk
TRN71,5,1972,1971,TRNRI,Milk
TRN73,2,1974,1973,TRNRI,Milk
TRN75,0.75,1976,1975,TRNRI,Milk
TRN77,1,1978,1977,TRNRI,Milk
TRT95,0,1996,1995,OCH90,Milk
TWE94,1,1995,1994,SEP84,Milk
TWI82,2,1983,1982,BRA79,Milk
TWI86,2.5,1987,1986,BRA79,Milk
TYS83,1,1984,1983,TOR75,Milk
TYS85,0,1986,1985,TOR75,Milk
UPR72,1,1973,1972,UPRHI,Milk
UPR73,0.5,1974,1973,UPRHI,Milk
UPR75,1,1976,1975,UPRHI,Milk
UPR76,2,1977,1976,UPRHI,Milk
UPT70,7.5,1971,1970,UPTUR,Milk
UPT76,0,1977,1976,UPTUR,Milk
VER74,0.5,1975,1974,RGR71,Milk
VER77,2.5,1978,1977,RGR71,Milk
VER81,0.125,1982,1981,RGR71,Milk
VER84,0,1985,1984,RGR71,Milk
VIC78,0.75,1979,1978,APR74,Milk
VIN88,8,1989,1988,MUS84,Milk
VIX84,2.75,1985,1984,LTF73,Milk
VNG95,4.5,1996,1995,VIN91,Milk
WAN87,1,1988,1987,WAX80,Milk
WAN89,1,1990,1989,WAX80,Milk
WAN90,1.5,1991,1990,WAX80,Milk
WAX83,2,1984,1983,WHI76,Milk
WAX85,0.5,1986,1985,WHI76,Milk
WAX88,0,1989,1988,WHI76,Milk
WAX91,0,1992,1991,WHI76,Winter yeld
WEE85,0,1986,1985,WHE77,Milk
WEE87,7,1988,1987,WHE77,Milk
WHA84,1.5,1985,1984,CUR78,Milk
WHE79,0,1980,1979,UPR74,Milk
WHI72,1,1973,1972,WHIGR,Milk
WHI77,0,1978,1977,WHIGR,Milk
WID75,0,1976,1975,MOW71,Milk
WIG85,0,1986,1985,TEA76,Milk
WIN77,1,1978,1977,WINKL,Milk
WOD90,1,1991,1990,CAP84,Milk
WOD95,1.5,1996,1995,CAP84,Milk
WOD96,2.5,1997,1996,CAP84,Milk
YHO72,9,1973,1972,GRE68,Milk
YHO75,0,1976,1975,GRE68,Milk
YHO76,0,1977,1976,GRE68,Milk
YTA71,3,1972,1971,YTAGG,Milk
YTA76,1,1977,1976,YTAGG,Milk
YTA77,1.5,1978,1977,YTAGG,Milk
YTA78,5.5,1979,1978,YTAGG,Milk
ZAN96,2.5,1997,1996,ALD91,Milk
ZEB83,0,1984,1983,ZEBRA,Milk
ZEB87,5.75,1988,1987,ZEBRA,Milk
ZUC95,1,1996,1995,CUC91,Milk
ZUC96,4,1997,1996,CUC91,Milk
WSD09,1.25,2010,2009,MLR96,Milk
SCP09,0.5,2010,2009,EID03,Milk
GLR09,6.5,2010,2009,LPA02,Milk
RUB09,1,2010,2009,GRA98,Milk
GKG09,1.5,2010,2009,CED04,Milk
GYP09,0.5,2010,2009,TIN00,Milk
DUB09,1,2010,2009,STI02,Milk
RPP09,0.125,2010,2009,RUF00,Milk
UKL09,4,2010,2009,FDL99,Milk
MOU09,4.5,2010,2009,DIC94,Milk
BRY09,1,2010,2009,HIR03,Milk
VNS09,2,2010,2009,BUT02,Milk
TRX09,1.5,2010,2009,TIN04,Milk
CSH09,1.5,2010,2009,WAL03,Milk
CPY09,4,2010,2009,MOU03,Milk
OXY09,1,2010,2009,DOC96,Milk
RHE09,0.75,2010,2009,OXY05,Milk
CER09,1,2010,2009,PRC02,Milk
HIA08,2.5,2009,2008,PID97,Milk
MEE08,0.75,2009,2008,YEW99,Milk
CER08,5.5,2009,2008,PRC02,Milk
YOG08,2,2009,2008,YOS01,Milk
TTL08,2,2009,2008,LMS00,Milk
OXY08,0,2009,2008,DOC96,Milk
CND08,2,2009,2008,TIN98,Milk
MOU08,1,2009,2008,DIC94,Milk
GCE08,6,2009,2008,FTH03,Milk
CHD08,1,2009,2008,BIE01,Milk
GLR07,0.5,2008,2007,LPA02,Milk
BOM07,1,2008,2007,BIT01,Milk
RBY07,3,2008,2007,STO98,Milk
HOO07,1,2008,2007,CGH00,Milk
APA07,2.5,2008,2007,SEQ99,Milk
YOS07,1,2008,2007,SEQ96,Milk
MLN07,2,2008,2007,BEE93,Milk
BRY07,1,2008,2007,HIR03,Milk
CCL07,0,2008,2007,STR00,Milk
TSU07,1,2008,2007,MNS03,Milk
FTH07,0.5,2008,2007,WSD00,Milk
CLL07,0.5,2008,2007,VIO96,Milk
CRM07,0.5,2008,2007,OCH96,Milk
SCT07,2,2008,2007,CRM99,Milk
PCL06,4,2007,2006,PIC98,Milk
BOM06,5,2007,2006,BIT01,Milk
MNS06,1.25,2007,2006,STR96,Milk
NEB06,1,2007,2006,STA97,Milk
SLL06,2,2007,2006,PAN00,Milk
SPL06,0.5,2007,2006,SAM94,Milk
RBY06,0.5,2007,2006,STO98,Milk
MTT06,2.5,2007,2006,TNG99,Milk
TTL06,6.5,2007,2006,LMS00,Milk
ARB06,6.5,2007,2006,COF01,Milk
SOX06,1,2007,2006,SEQ01,Milk
MEE06,1,2007,2006,YEW99,Milk
PCN06,2.5,2007,2006,WAL02,Milk
NEC06,3,2007,2006,SPL98,Milk
BSY06,1.75,2007,2006,MLN97,Milk
CLW06,1.5,2007,2006,STI94,Milk
MOU06,0.75,2007,2006,DIC94,Milk
CMT06,3.5,2007,2006,MLN00,Milk
FRR06,1.5,2007,2006,FAL99,Milk
ICE03,4.5,2004,2003,SUR99,Milk
MNT03,2,2004,2003,SUR95,Milk
ETN03,7,2004,2003,ALD94,Milk
CAY03,7.5,2004,2003,CPS97,Milk
JEE03,3,2004,2003,HAL90,Milk
GRA03,0.5,2004,2003,FAN90,Milk
SCR03,0.5,2004,2003,GRA93,Milk
SPL03,5,2004,2003,SAM94,Milk
LMS03,6,2004,2003,GOD94,Milk
LPA03,1.5,2004,2003,LMS97,Milk
RUM03,1,2004,2003,STI96,Milk
JAY03,2,2004,2003,CGH95,Milk
HIA03,4.75,2004,2003,PID97,Milk
PAN03,0.5,2004,2003,PID95,Milk
TIC03,1,2004,2003,CLO96,Milk
OXY03,4,2004,2003,DOC96,Milk
YEW03,1.5,2004,2003,HOL94,Milk
SEQ03,4.5,2004,2003,SYC91,Milk
YOS03,9,2004,2003,SEQ96,Milk
WRE03,6.5,2004,2003,WAG96,Milk
CHF03,4,2004,2003,WAG95,Milk
WIS03,2,2004,2003,CRB95,Milk
MOZ03,0.5,2004,2003,BIE97,Milk
CLW03,4,2004,2003,STI94,Milk
RUB05,4,2006,2005,GRA98,Milk
FTH05,1,2006,2005,WSD00,Milk
UKL05,2,2006,2005,FDL99,Milk
SCT05,8,2006,2005,CRM99,Milk
CHN05,1,2006,2005,TRT97,Milk
TSL05,5,2006,2005,THS96,Milk
GYP05,6.5,2006,2005,TIN00,Milk
MOZ05,4,2006,2005,BIE97,Milk
FRT05,1.75,2006,2005,BUT96,Milk
GLR05,2,2006,2005,LPA02,Milk
PAN05,1,2006,2005,PID95,Milk
MOU05,2.5,2006,2005,DIC94,Milk
YOS05,7,2006,2005,SEQ96,Milk
CHF05,1.5,2006,2005,WAG95,Milk
LAR05,1.5,2006,2005,KIT95,Milk
JAE05,1.25,2006,2005,BNX95,Milk
STE05,2,2006,2005,FAL01,Milk
FRR05,1.5,2006,2005,FAL99,Milk
PCL04,1.75,2005,2004,PIC98,Milk
HON04,2,2005,2004,SUN93,Milk
GLI04,8,2005,2004,HON00,Milk
RUM04,8,2005,2004,STI96,Milk
BOM04,1.5,2005,2004,BIT01,Milk
LCH04,3.5,2005,2004,CED00,Milk
FRT02,1,2003,2002,BUT96,Milk
CMR02,4.5,2003,2002,CLT97,Milk
MOU02,2,2003,2002,DIC94,Milk
MRY02,0.5,2003,2002,MAR93,Milk
RAP02,0.5,2003,2002,THU94,Milk
HON02,8,2003,2002,SUN93,Milk
SYC02,8,2003,2002,PET87,Milk
MLN02,2.5,2003,2002,BEE93,Milk
AND02,2,2003,2002,ARI99,Milk
RIB02,3,2003,2002,BCL96,Milk
BSY02,1,2003,2002,MLN97,Milk
WDY02,1,2003,2002,OXA99,Milk
ARD02,6,2003,2002,ALD98,Milk
LAC02,1.25,2003,2002,BCL95,Milk
NEC02,1,2003,2002,SPL98,Milk
WAG02,4.5,2003,2002,LPW91,Milk
LIL02,2.75,2003,2002,THU96,Milk
TRT02,1.75,2003,2002,OCH90,Milk
CLW02,7.75,2003,2002,STI94,Milk
MOZ02,1.25,2003,2002,BIE97,Milk
SPL02,5,2003,2002,SAM94,Milk
BEA02,4,2003,2002,MOO96,Milk
SLA02,4.5,2003,2002,GEC95,Milk
OXY01,1,2002,2001,DOC96,Milk
SCR01,1.5,2002,2001,GRA93,Milk
ETN01,6,2002,2001,ALD94,Milk
EID01,1,2002,2001,MAL93,Milk
SPI01,1,2002,2001,HAL94,Milk
JEE01,1.25,2002,2001,HAL90,Milk
LMS01,1,2002,2001,GOD94,Milk
ART00,1.5,2001,2000,ARI96,Milk
CUM00,2.25,2001,2000,CRC91,Milk
MOU00,1,2001,2000,DIC94,Milk
WAL00,1,2001,2000,DIC95,Milk
FLG00,1.5,2001,2000,ANK90,Milk
SYC00,0.5,2001,2000,PET87,Milk
TOO00,2.5,2001,2000,TUS96,Milk
CLW00,0.5,2001,2000,STI94,Milk
JEE00,0.75,2001,2000,HAL90,Milk
HAW99,2.5,2000,1999,SUR91,Milk
ALD99,8.5,2000,1999,SUR87,Milk
ZAN99,1,2000,1999,ALD91,Winter yeld
VIN99,2.5,2000,1999,MUS84,Milk
TUS99,4.5,2000,1999,JUG91,Milk
PRN99,12,2000,1999,OXA95,Milk
STI99,7.75,2000,1999,AVO89,Milk
MOU99,2,2000,1999,DIC94,Milk
HIR99,0.5,2000,1999,FUL93,Milk
SOL98,7,1999,1998,THO84,Milk
HAL98,1,1999,1998,TUR83,Milk
OVA98,3.5,1999,1998,CAF93,Milk
PRN98,2.5,1999,1998,OXA95,Milk
SUN98,0.5,1999,1998,RHY86,Milk
PIL98,2,1999,1998,HER93,Milk
RAP98,0.5,1999,1998,THU94,Milk
STI98,0.5,1999,1998,AVO89,Milk
TKN98,1,1999,1998,NAK90,Milk
SLO98,0.5,1999,1998,GIN93,Milk
SYC98,5.25,1999,1998,PET87,Milk
SEQ98,1.5,1999,1998,SYC91,Milk
SWA98,6,1999,1998,SWI88,Milk
FRA98,2,1999,1998,PEN90,Milk
ZUC98,2,1999,1998,CUC91,Milk
SUR97,3,1998,1997,THO82,Milk
HAW97,2,1998,1997,SUR91,Milk
ETN97,1,1998,1997,ALD94,Milk
TNG97,1,1998,1997,FAN88,Milk
TUS97,3,1998,1997,JUG91,Milk
PRT97,1,1998,1997,ORP92,Milk
FDL97,6,1998,1997,VIO89,Milk
OXA97,2,1998,1997,SRL91,Milk
HON97,6,1998,1997,SUN93,Milk
HRM97,3,1998,1997,INI86,Milk
SPL97,2,1998,1997,SAM94,Milk
STO97,5,1998,1997,WHA89,Milk
COO97,1,1998,1997,ANK91,Milk
CEL97,4,1998,1997,AST90,Milk
SYC97,1,1998,1997,PET87,Milk
DOT97,1,1998,1997,LPW93,Milk
GEC97,3,1998,1997,LIZ86,Milk
SKU97,8,1998,1997,FUL86,Milk
STR97,2,1998,1997,MNX90,Milk
SKI97,1,1998,1997,OAT90,Milk
HER96,1,1997,1996,MAC87,Milk
SLI81,2,1982,1981,SLE76,Milk
RDD13,2,2014,2013,CLK04,Milk
CAM13,6,2014,2013,MNM07,Milk
HDX13,2,2014,2013,GTR06,Milk
SPY13,2,2014,2013,RPP08,Milk
IRI13,4,2014,2013,AYE09,Milk
BMA13,5.5,2014,2013,CHN06,Milk
HAN13,2,2014,2013,JAE08,Milk
TOK13,2.5,2014,2013,SLA07,Milk
DAI10,0.5,2011,2010,MRG03,Milk
HAZ10,0.5,2011,2010,LCH06,Milk
EMB10,1,2011,2010,CND04,Milk
TBS10,5,2011,2010,BNS07,Milk
BOO10,4,2011,2010,YOG06,Milk
CCH10,1,2011,2010,PAN06,Milk
NAV10,0.5,2011,2010,SEQ05,Milk
ORY10,0.5,2011,2010,JAE02,Milk
RUI10,1,2011,2010,KLD05,Milk
PSS10,1,2011,2010,CND06,Milk
DIN10,1,2011,2010,CMR05,Milk
CMR10,0.5,2011,2010,CLT97,Milk
TUI10,0.5,2011,2010,TTL04,Milk
ONY11,3.5,2012,2011,RBY05,Milk
MIC11,1,2012,2011,SCR04,Milk
CAM11,2,2012,2011,MNM07,Milk
HDX11,1,2012,2011,GTR06,Milk
BRY11,3.5,2012,2011,HIR03,Milk
BMA11,1,2012,2011,CHN06,Milk
CBH11,2,2012,2011,CCK07,Milk
GYP11,0.5,2012,2011,TIN00,Milk
NAV11,2,2012,2011,SEQ05,Milk
WSD11,2.5,2012,2011,MLR96,Milk
UKL11,1,2012,2011,FDL99,Milk
VNL11,1,2012,2011,DOT02,Milk
CNK11,1,2012,2011,BEA00,Milk
CYA11,0.5,2012,2011,AZU05,Milk
RDD12,6.5,2013,2012,CLK04,Milk
SWT12,2,2013,2012,FRT06,Milk
HOP12,1,2013,2012,FTH08,Milk
APA12,1,2013,2012,SEQ99,Milk
HAZ12,3,2013,2012,LCH06,Milk
RUF12,3.5,2013,2012,GOD97,Milk
CRX12,4.5,2013,2012,LMS06,Milk
BED12,1,2013,2012,GYP07,Milk
RBY12,0.5,2013,2012,STO98,Milk
TNQ12,7,2013,2012,GNB07,Milk
PSS12,9,2013,2012,CND06,Milk
GLR12,1.5,2013,2012,LPA02,Milk
WHF12,2.5,2013,2012,WHZ02,Milk
DRE12,5.5,2013,2012,PRC09,Milk
DAI12,1.5,2013,2012,MRG03,Milk
YOG12,0.25,2013,2012,YOS01,Milk
ONY12,0.5,2013,2012,RBY05,Milk
BRY12,1,2013,2012,HIR03,Milk
ORY12,0.25,2013,2012,JAE02,Milk
ALL12,0.5,2013,2012,PUF06,Milk
TWL12,1,2013,2012,WIS06,Milk
DIN12,1,2013,2012,CMR05,Milk
CNK12,2.5,2013,2012,BEA00,Milk
ULU12,1,2013,2012,DID06,Milk
CHK13,1,2014,2013,SOX04,Milk
LYR14,4.5,2015,2014,LUT08,Milk
UKL14,0.625,2015,2014,FDL99,Milk
DRE14,3.5,2015,2014,PRC09,Milk
EMB14,1.5,2015,2014,CND04,Milk
PPL14,5.5,2015,2014,FRT07,Milk
USS14,1.75,2015,2014,MEE05,Milk
BRY14,1.5,2015,2014,HIR03,Milk
CNK14,0.5,2015,2014,BEA00,Milk
CMA14,1.5,2015,2014,TWX08,Milk
RAS15,1,2016,2015,MTT08,Milk
CBH15,4,2016,2015,CCK07,Milk
DRE15,6,2016,2015,PRC09,Milk
MNM15,4,2016,2015,CHN03,Milk
FLM15,0.5,2016,2015,EMB12,Milk
SCP15,4,2016,2015,EID03,Milk
EDD15,2.5,2016,2015,RUF09,Milk
SML15,5,2016,2015,WHF10,Milk
CCH15,3.75,2016,2015,PAN06,Milk
PCN15,9.5,2016,2015,WAL02,Milk
CDN15,3.5,2016,2015,HOC07,Milk
EKA15,0.5,2016,2015,MEE11,Milk
DAK15,4,2016,2015,SOX08,Milk
MDD15,1,2016,2015,MEG06,Milk
ALL15,0.5,2016,2015,PUF06,Milk
KLP16,5,2017,2016,MTT10,Milk
XIN16,4,2017,2016,MCU12,Milk
MAJ16,2,2017,2016,PRC06,Milk
PSS16,0.5,2017,2016,CND06,Milk
EDD16,8,2017,2016,RUF09,Milk
CLS16,1,2017,2016,GLR13,Milk
ASB16,2,2017,2016,HOO05,Milk
BSG16,3,2017,2016,VES10,Milk
ARE16,0.5,2017,2016,PCN10,Milk
NAV16,0.5,2017,2016,SEQ05,Milk
KAN16,1,2017,2016,WIC13,Milk
FLM16,7,2017,2016,EMB12,Milk
VNS16,1.5,2017,2016,BUT02,Milk
KLN17,1,2018,2017,PRC12,Milk
DRE17,2,2018,2017,PRC09,Milk
BMA17,3,2018,2017,CHN06,Milk
ING17,4,2018,2017,LEI12,Milk
VNT17,3,2018,2017,SWT11,Milk
JMC18,2.5,2019,2018,RAS13,Milk
MAJ18,7,2019,2018,PRC06,Milk
FLM18,1,2019,2018,EMB12,Milk
ALO18,3.5,2019,2018,CRX14,Milk
CLS18,2,2019,2018,GLR13,Milk
PRL18,7,2019,2018,SAP12,Milk
AME18,0.5,2019,2018,OPA08,Milk
SML18,2,2019,2018,WHF10,Milk
GLE18,3,2019,2018,SML13,Milk
BSG18,3.5,2019,2018,VES10,Milk
BAU18,1,2019,2018,MCD12,Milk
IRI18,3,2019,2018,AYE09,Milk
RDD19,1,2020,2019,CLK04,Milk
TLS19,4,2020,2019,SCR06,Milk
REG19,3,2020,2019,RAS14,Milk
ELK19,2,2020,2019,LEI13,Milk
SHO19,3,2020,2019,CND12,Milk
GGZ19,5,2020,2019,CHD10,Milk
PRL19,10,2020,2019,SAP12,Milk
BMY19,0.5,2020,2019,GNB12,Milk
WIC19,1,2020,2019,SOX09,Milk
KLP20,1,2021,2020,MTT10,Milk
JMC20,2,2021,2020,RAS13,Milk
MNU20,8,2021,2020,LYR17,Milk
MAJ20,10,2021,2020,PRC06,Milk
ELK20,0.25,2021,2020,LEI13,Milk
MAA20,0.5,2021,2020,BED15,Milk
BGE20,2,2021,2020,SHO16,Milk
SPU20,11,2021,2020,SPY12,Milk
BRZ20,1,2021,2020,ZEP14,Milk
NIA20,0.5,2021,2020,ARE14,Milk
LIA20,3,2021,2020,ARA09,Milk
EKA20,2,2021,2020,MEE11,Milk
KOH20,1,2021,2020,AYE10,Milk
IRI20,0.5,2021,2020,AYE09,Milk
CES20,4,2021,2020,DAK12,Milk
GTO20,4.5,2021,2020,BOO15,Milk
HAN20,2,2021,2020,JAE08,Milk
SAE21,4,2022,2021,RUB12,Milk
JMC21,2,2022,2021,RAS13,Milk
RHA21,2.5,2022,2021,EMU18,Milk
MCU21,2,2022,2021,MNG09,Milk
QIN21,3,2022,2021,MCU17,Milk
KAL21,5,2022,2021,PLS18,Milk
MAA21,6,2022,2021,BED15,Milk
BCA21,2.5,2022,2021,CBS09,Milk
STT21,3,2022,2021,SPU18,Milk
CYP21,2,2022,2021,CPY14,Milk
ZUN21,4,2022,2021,NAV14,Milk
CES21,13,2022,2021,DAK12,Milk
BOE21,2.5,2022,2021,CES17,Milk
